model,RMSE,MAE,NDCG@3,NDCG@5,train_seconds,inference_ms_11_programs
LightGBM,5.494047222126528e-05,3.089732416244765e-05,1.0,1.0,1.1149542000057409,1.1282000050414354
Neural Network,0.01246897503733635,0.009182208217680454,1.0,0.9999499334980613,6.6563656000071205,0.21440000273287296
Random Forest,0.007554691760600859,0.00441555267700597,0.9990243466033585,0.9997206870163671,1.0735294000041904,6.03239999327343
